{"cameraMode":{"drawMode":0,"name":"Shaded","section":"Shading Mode"},"sceneLighting":false,"audioPlay":false,"sceneViewState":{"m_AlwaysRefresh":false,"showFog":true,"showSkybox":false,"showFlares":true,"showImageEffects":true,"showParticleSystems":true,"showVisualEffectGraphs":true,"m_FxEnabled":true},"in2DMode":false,"pivot":{"x":-0.22907912731170655,"y":0.5949220657348633,"z":-0.8140811920166016},"rotation":{"x":0.014152172952890396,"y":0.8989439010620117,"z":-0.4369026720523834,"w":0.02915187180042267},"size":7.035714149475098,"orthographic":false}